{ "products" :

    [
    {"Name": "pen", "Price" : 200, "Quantity": 2},

    {"Name": "pencil", "Price" : 150, "Quantity": 3},

    {"Name": "Butter", "Price" : 900, "Quantity": 5},
    
    {"Name": "Cheese", "Price" : 109, "Quantity": 7},
    
    { "Name": "Crisps", "Price" : 170, "Quantity": 1},
    
    { "Name": "Pizza", "Price" : 150, "Quantity": 2},
    
    { "Name": "Chocolate", "Price" : 450, "Quantity": 4},
    
    { "Name": "Self-raising flour", "Price" : 380, "Quantity": 2},
    
    { "Name": "Ground almonds", "Price" : 700, "Quantity": 1}
    
]}